"Дата","Цена","Откр.","Макс.","Мин.","Объём","Изм. %"
"08.11.2022","44,61","44,72","45,32","44,18","17,22M","0,13%"
"07.11.2022","44,55","44,83","44,98","44,40","21,37M","0,07%"
"04.11.2022","44,52","44,50","45,08","43,83","19,65M","1,53%"
"03.11.2022","43,85","44,03","44,15","43,39","16,87M","-1,62%"
"02.11.2022","44,57","45,47","46,21","44,55","15,13M","-1,96%"
"01.11.2022","45,46","45,58","45,79","45,06","12,09M","0,07%"
"31.10.2022","45,43","45,31","45,64","45,06","17,79M","-0,46%"
"28.10.2022","45,64","44,69","45,71","44,65","17,96M","2,75%"
"27.10.2022","44,42","44,77","45,08","44,36","16,18M","0,09%"
"26.10.2022","44,38","44,93","45,23","44,28","20,04M","0,05%"
"25.10.2022","44,36","43,34","44,40","43,20","19,17M","1,88%"
"24.10.2022","43,54","43,12","43,73","42,90","18,73M","1,73%"
"21.10.2022","42,80","41,85","42,97","41,81","25,04M","2,61%"
"20.10.2022","41,71","41,56","42,62","41,46","16,63M","-0,41%"
"19.10.2022","41,88","41,63","42,24","41,47","19,07M","0,22%"
"18.10.2022","41,79","41,92","42,22","41,26","18,07M","1,19%"
"17.10.2022","41,30","41,04","41,53","40,95","27,09M","2,74%"
"14.10.2022","40,20","40,84","40,96","39,92","19,56M","-1,01%"
"13.10.2022","40,61","39,03","40,80","38,60","26,21M","3,41%"
"12.10.2022","39,27","39,70","39,86","39,25","16,91M","-0,78%"
"11.10.2022","39,58","39,81","40,11","39,27","19,39M","-0,78%"
"10.10.2022","39,89","40,63","40,81","39,60","16,60M","-0,94%"
"07.10.2022","40,27","41,25","41,25","40,08","19,06M","-3,01%"
"06.10.2022","41,52","41,65","42,09","41,37","18,20M","-1,12%"
"05.10.2022","41,99","41,58","42,25","41,40","14,23M","0,41%"
"04.10.2022","41,82","41,56","42,03","41,39","20,94M","1,28%"
"03.10.2022","41,29","40,67","41,53","40,47","22,20M","3,23%"
"30.09.2022","40,00","40,66","41,04","39,96","27,99M","-1,40%"
"29.09.2022","40,57","41,05","41,10","40,15","19,50M","-1,86%"
"28.09.2022","41,34","40,85","41,57","40,59","23,22M","2,02%"
"27.09.2022","40,52","41,14","41,46","40,22","15,03M","-0,15%"
"26.09.2022","40,58","40,66","41,19","40,37","22,69M","-0,20%"
"23.09.2022","40,66","41,25","41,25","40,12","19,07M","-1,19%"
"22.09.2022","41,15","41,34","41,55","41,14","16,69M","-1,06%"
"21.09.2022","41,59","42,32","42,87","41,57","21,42M","-2,33%"
"20.09.2022","42,58","43,01","43,02","42,26","16,81M","-1,66%"
"19.09.2022","43,30","42,90","43,44","42,76","13,67M","0,00%"
"16.09.2022","43,30","43,11","43,58","42,78","32,70M","0,02%"
"15.09.2022","43,29","43,81","43,87","43,09","18,15M","-1,52%"
"14.09.2022","43,96","44,04","44,27","43,56","27,55M","-0,34%"
"13.09.2022","44,11","45,72","45,91","44,02","23,03M","-4,94%"
"12.09.2022","46,40","46,11","46,73","45,97","17,92M","1,38%"
"09.09.2022","45,77","45,66","45,89","45,40","15,50M","0,88%"
"08.09.2022","45,37","44,76","45,47","44,62","14,23M","0,78%"
"07.09.2022","45,02","44,75","45,17","44,35","18,30M","1,24%"
"06.09.2022","44,47","44,66","44,79","43,98","14,37M","-0,27%"
"02.09.2022","44,59","45,71","45,92","44,28","14,72M","-1,55%"
"01.09.2022","45,29","44,57","45,34","44,40","16,24M","1,27%"
"31.08.2022","44,72","45,78","45,83","44,58","23,01M","-1,15%"
"30.08.2022","45,24","45,75","45,87","44,96","14,28M","-1,03%"
"29.08.2022","45,71","45,72","46,00","45,49","13,43M","-0,39%"
"26.08.2022","45,89","47,08","47,27","45,88","20,31M","-2,92%"
"25.08.2022","47,27","47,25","47,43","46,84","23,04M","0,42%"
"24.08.2022","47,07","47,09","47,40","46,87","14,95M","-0,72%"
"23.08.2022","47,41","47,59","48,04","47,39","13,60M","-0,63%"
"22.08.2022","47,71","48,47","48,50","47,51","20,53M","-2,03%"
"19.08.2022","48,70","49,01","49,46","48,53","23,13M","-1,36%"
"18.08.2022","49,37","49,79","50,00","49,11","40,00M","5,81%"
"17.08.2022","46,66","46,36","47,10","46,22","27,98M","-0,24%"
"16.08.2022","46,77","46,57","47,01","46,44","21,15M","0,39%"
"15.08.2022","46,59","46,39","46,62","46,03","15,46M","-0,04%"
"12.08.2022","46,61","46,09","46,61","45,97","16,97M","1,55%"
"11.08.2022","45,90","46,11","46,42","45,77","15,85M","-0,26%"
"10.08.2022","46,02","45,71","46,06","45,43","18,94M","2,45%"
"09.08.2022","44,92","45,15","45,18","44,72","12,83M","-0,22%"
"08.08.2022","45,02","45,49","45,52","44,85","15,47M","0,02%"
"05.08.2022","45,01","44,91","45,07","44,54","19,53M","-0,82%"
"04.08.2022","45,38","45,90","45,93","45,01","15,25M","-0,72%"
"03.08.2022","45,71","44,90","45,82","44,79","14,94M","1,76%"
"02.08.2022","44,92","45,52","45,70","44,90","15,01M","-0,80%"
"01.08.2022","45,28","45,06","45,43","44,76","14,15M","-0,20%"
"29.07.2022","45,37","45,11","45,49","44,83","23,70M","-0,55%"
"28.07.2022","45,62","44,88","45,87","44,71","17,58M","2,20%"
"27.07.2022","44,64","44,19","44,79","43,83","22,35M","1,85%"
"26.07.2022","43,83","44,37","44,54","43,75","19,51M","-1,15%"
"25.07.2022","44,34","44,66","44,66","44,11","12,95M","-0,27%"
"22.07.2022","44,46","44,78","44,92","44,25","14,85M","-0,27%"
"21.07.2022","44,58","44,29","44,69","44,07","15,36M","1,02%"
"20.07.2022","44,13","44,08","44,31","43,66","15,60M","0,23%"
"19.07.2022","44,03","42,82","44,09","42,65","22,86M","3,36%"
"18.07.2022","42,60","43,30","43,32","42,40","16,74M","-1,09%"
"15.07.2022","43,07","42,50","43,13","42,50","19,90M","1,75%"
"14.07.2022","42,33","41,79","42,47","41,35","17,34M","-0,87%"
"13.07.2022","42,70","41,85","43,05","41,80","16,85M","-0,37%"
"12.07.2022","42,86","43,58","43,83","42,66","17,39M","-0,90%"
"11.07.2022","43,25","43,34","43,68","43,07","15,28M","-0,32%"
"08.07.2022","43,39","43,03","43,60","42,94","11,82M","0,39%"
"07.07.2022","43,22","42,88","43,36","42,79","22,32M","1,24%"
"06.07.2022","42,69","42,12","42,93","42,01","17,25M","1,74%"
"05.07.2022","41,96","41,52","41,97","40,82","24,45M","-1,50%"
"01.07.2022","42,60","42,52","42,70","41,57","24,34M","-0,09%"
"30.06.2022","42,64","42,37","43,14","42,19","24,95M","-0,56%"
"29.06.2022","42,88","43,14","43,26","42,69","13,45M","-0,42%"
"28.06.2022","43,06","43,91","44,47","42,99","20,09M","-1,62%"
"27.06.2022","43,77","44,29","44,29","43,63","22,76M","-0,75%"
"24.06.2022","44,10","43,44","44,22","43,24","30,54M","2,73%"
"23.06.2022","42,93","43,41","43,46","42,72","33,80M","-1,47%"
"22.06.2022","43,57","43,47","44,12","43,17","19,94M","-1,29%"
"21.06.2022","44,14","43,81","44,28","43,70","23,28M","1,73%"
"17.06.2022","43,39","43,36","44,00","43,24","59,68M","0,16%"
"16.06.2022","43,32","42,81","43,41","42,81","27,05M","-1,10%"
"15.06.2022","43,80","43,37","44,42","43,10","22,53M","2,07%"
"14.06.2022","42,91","43,63","43,70","42,57","22,50M","-0,76%"
"13.06.2022","43,24","43,06","43,84","42,89","29,05M","-0,57%"
"10.06.2022","43,49","43,80","43,99","43,29","20,27M","-1,74%"
"09.06.2022","44,26","44,83","45,27","44,24","18,42M","-1,47%"
"08.06.2022","44,92","45,45","45,63","44,88","16,26M","-1,43%"
"07.06.2022","45,57","44,82","45,65","44,72","14,67M","0,53%"
"06.06.2022","45,33","45,60","46,09","45,13","12,64M","0,18%"
"03.06.2022","45,25","45,55","45,74","45,12","17,95M","-1,18%"
"02.06.2022","45,79","45,18","45,80","44,90","20,55M","1,24%"
"01.06.2022","45,23","45,55","45,80","44,76","20,67M","0,40%"
"31.05.2022","45,05","45,27","45,60","44,74","64,82M","-1,25%"
"27.05.2022","45,62","45,12","45,64","44,95","23,88M","1,40%"
"26.05.2022","44,99","44,05","45,53","44,05","28,29M","2,25%"
"25.05.2022","44,00","43,75","44,42","43,19","25,50M","0,53%"
"24.05.2022","43,77","43,40","44,06","42,50","30,05M","0,97%"
"23.05.2022","43,35","43,34","43,82","42,94","27,37M","0,95%"
"20.05.2022","42,94","41,86","43,00","41,52","46,15M","2,92%"
"19.05.2022","41,72","43,06","43,93","41,02","97,67M","-13,73%"
"18.05.2022","48,36","50,47","50,47","48,21","40,67M","-4,43%"
"17.05.2022","50,60","49,68","50,72","49,51","18,78M","3,27%"
"16.05.2022","49,00","49,66","49,66","48,88","20,25M","-1,13%"
"13.05.2022","49,56","48,71","49,63","48,53","18,95M","2,63%"
"12.05.2022","48,29","48,63","48,78","47,47","25,95M","-0,74%"
"11.05.2022","48,65","49,09","49,64","48,58","23,87M","-1,82%"
"10.05.2022","49,55","49,71","50,24","49,15","21,74M","1,21%"
"09.05.2022","48,96","49,00","49,42","48,67","22,42M","-0,75%"
"06.05.2022","49,33","49,15","49,83","48,85","21,74M","-0,56%"
"05.05.2022","49,61","51,15","51,21","49,15","24,85M","-3,82%"
"04.05.2022","51,58","50,03","51,65","49,67","23,94M","3,33%"
"03.05.2022","49,92","49,77","50,36","49,53","15,83M","0,12%"
"02.05.2022","49,86","49,34","49,91","48,93","22,50M","1,80%"
"29.04.2022","48,98","50,51","50,64","48,87","20,28M","-3,26%"
"28.04.2022","50,63","49,53","50,78","49,21","20,17M","2,68%"
"27.04.2022","49,31","50,91","51,11","49,24","33,67M","-3,12%"
"26.04.2022","50,90","51,88","51,94","50,87","19,24M","-2,00%"
"25.04.2022","51,94","51,45","51,98","50,54","18,68M","1,13%"
"22.04.2022","51,36","52,92","52,96","51,29","17,69M","-2,69%"
"21.04.2022","52,78","53,34","53,83","52,73","17,15M","-0,45%"
"20.04.2022","53,02","52,22","53,67","52,15","19,53M","2,30%"
"19.04.2022","51,83","51,00","51,94","50,92","15,49M","1,41%"
"18.04.2022","51,11","50,88","51,56","50,80","13,99M","-0,12%"
"14.04.2022","51,17","52,08","52,38","51,12","18,02M","-1,88%"
"13.04.2022","52,15","51,84","52,36","51,40","17,00M","0,64%"
"12.04.2022","51,82","51,70","52,95","51,48","25,25M","-2,00%"
"11.04.2022","52,88","53,92","53,95","52,78","20,99M","-2,58%"
"08.04.2022","54,28","54,84","54,91","54,01","18,15M","-0,64%"
"07.04.2022","54,63","54,43","54,85","53,74","15,74M","0,48%"
"06.04.2022","54,37","54,69","54,76","53,84","19,64M","-1,00%"
"05.04.2022","54,92","55,20","55,59","54,67","16,06M","-1,70%"
"04.04.2022","55,87","55,46","56,12","54,99","19,65M","0,38%"
"01.04.2022","55,66","56,17","56,19","54,88","17,47M","-0,18%"
"31.03.2022","55,76","56,04","56,88","55,72","27,59M","-0,52%"
"30.03.2022","56,05","55,75","56,94","55,59","16,13M","0,68%"
"29.03.2022","55,67","55,67","56,31","55,04","20,04M","0,96%"
"28.03.2022","55,14","54,80","55,16","54,42","17,16M","0,31%"
"25.03.2022","54,97","54,60","55,18","54,40","18,09M","0,86%"
"24.03.2022","54,50","54,67","54,69","53,68","20,55M","0,04%"
"23.03.2022","54,48","55,90","56,09","54,45","19,74M","-3,01%"
"22.03.2022","56,17","56,36","56,72","56,09","29,29M","0,30%"
"21.03.2022","56,00","56,06","56,54","55,52","29,17M","0,05%"
"18.03.2022","55,97","56,03","56,42","55,54","51,81M","-0,36%"
"17.03.2022","56,17","55,49","56,30","55,35","18,83M","0,65%"
"16.03.2022","55,81","55,93","56,00","54,60","21,82M","0,38%"
"15.03.2022","55,60","54,42","55,72","54,42","18,83M","2,39%"
"14.03.2022","54,30","54,73","55,40","53,99","17,98M","-0,71%"
"11.03.2022","54,69","55,29","56,21","54,60","20,33M","-0,04%"
"10.03.2022","54,71","54,40","55,16","53,97","18,55M","-2,16%"
"09.03.2022","55,92","55,64","56,24","55,25","19,15M","2,79%"
"08.03.2022","54,40","55,70","55,86","54,07","23,64M","-2,14%"
"07.03.2022","55,59","56,31","56,44","55,52","21,35M","-1,63%"
"04.03.2022","56,51","55,67","56,90","55,25","16,73M","0,78%"
"03.03.2022","56,07","56,74","57,00","55,83","16,79M","-0,14%"
"02.03.2022","56,15","54,77","56,38","54,71","18,66M","2,80%"
"01.03.2022","54,62","55,53","55,85","54,26","17,80M","-2,06%"
"28.02.2022","55,77","55,41","56,00","54,75","23,87M","-0,48%"
"25.02.2022","56,04","54,98","56,22","54,49","18,96M","2,39%"
"24.02.2022","54,73","54,07","54,83","53,21","27,74M","0,53%"
"23.02.2022","54,44","56,61","56,99","54,37","22,03M","-3,30%"
"22.02.2022","56,30","56,93","57,14","55,74","25,19M","-1,59%"
"18.02.2022","57,21","55,46","57,69","55,38","35,63M","2,58%"
"17.02.2022","55,77","55,50","57,06","55,40","32,88M","2,80%"
"16.02.2022","54,25","54,13","54,44","53,38","20,39M","-0,04%"
"15.02.2022","54,27","53,72","54,30","53,64","17,68M","2,05%"
"14.02.2022","53,18","53,41","53,65","52,70","21,87M","-1,34%"
"11.02.2022","53,90","54,87","55,09","53,77","20,13M","-1,77%"
"10.02.2022","54,87","55,24","56,03","54,74","19,73M","-2,52%"
"09.02.2022","56,29","55,82","56,38","55,48","19,14M","1,72%"
"08.02.2022","55,34","55,06","55,49","54,71","15,22M","0,31%"
"07.02.2022","55,17","55,33","55,53","54,69","14,45M","0,04%"
"04.02.2022","55,15","54,89","55,62","54,39","19,68M","-0,09%"
"03.02.2022","55,20","55,87","56,15","55,06","19,26M","-1,73%"
"02.02.2022","56,17","55,22","56,31","55,17","23,32M","1,44%"
"01.02.2022","55,37","55,45","55,50","54,74","22,44M","-0,54%"
"31.01.2022","55,67","55,43","55,86","54,87","29,93M","0,11%"
"28.01.2022","55,61","54,50","55,66","53,44","30,98M","1,81%"
"27.01.2022","54,62","55,51","56,53","54,40","25,97M","-1,28%"
"26.01.2022","55,33","56,11","56,45","54,85","28,63M","-1,39%"
"25.01.2022","56,11","56,09","56,69","55,07","25,16M","-1,39%"
"24.01.2022","56,90","56,16","57,00","54,87","34,19M","0,39%"
"21.01.2022","56,68","58,07","58,34","56,61","25,91M","-2,41%"
"20.01.2022","58,08","58,99","59,34","58,02","17,73M","-1,39%"
"19.01.2022","58,90","57,99","59,49","57,78","24,33M","-1,39%"
"18.01.2022","59,73","59,98","60,22","59,49","26,55M","-2,66%"
"14.01.2022","61,36","61,47","61,50","60,94","18,83M","-0,23%"
"13.01.2022","61,50","62,08","62,15","61,21","14,87M","-1,00%"
"12.01.2022","62,12","62,40","62,82","61,92","13,41M","-0,40%"
"11.01.2022","62,37","61,60","62,43","61,44","22,80M","0,89%"
"10.01.2022","61,82","60,87","61,90","60,52","24,72M","1,13%"
"07.01.2022","61,13","60,87","61,50","60,67","20,15M","0,34%"
"06.01.2022","60,92","60,00","61,13","59,91","19,62M","1,06%"
"05.01.2022","60,28","61,19","61,64","60,25","30,32M","-1,58%"
"04.01.2022","61,25","62,44","62,81","61,11","29,68M","-3,02%"
"03.01.2022","63,16","62,90","63,35","62,50","17,19M","-0,33%"
"31.12.2021","63,37","63,54","63,82","63,32","10,36M","-0,39%"
"30.12.2021","63,62","64,04","64,14","63,47","9,08M","-0,53%"
"29.12.2021","63,96","63,65","64,29","63,55","15,07M","0,68%"
"28.12.2021","63,53","63,42","63,84","63,23","12,87M","0,17%"
"27.12.2021","63,42","62,41","63,47","62,28","14,78M","1,83%"
"23.12.2021","62,28","61,79","62,90","61,79","17,77M","1,22%"
"22.12.2021","61,53","60,97","61,60","60,62","17,10M","0,82%"
"21.12.2021","61,03","60,44","61,24","60,00","20,76M","1,11%"
"20.12.2021","60,36","59,67","60,41","59,30","21,34M","-0,17%"
"17.12.2021","60,46","60,27","60,79","59,78","62,33M","0,25%"
"16.12.2021","60,31","60,05","60,76","59,87","24,60M","0,63%"
"15.12.2021","59,93","57,92","60,03","57,90","27,95M","3,74%"
"14.12.2021","57,77","58,34","58,53","57,37","19,11M","-1,43%"
"13.12.2021","58,61","59,10","59,51","58,54","18,50M","-1,08%"
"10.12.2021","59,25","57,91","59,34","57,91","19,90M","2,95%"
"09.12.2021","57,55","57,19","57,83","56,93","16,48M","0,93%"
"08.12.2021","57,02","58,08","58,13","56,63","23,63M","-1,83%"
"07.12.2021","58,08","57,10","58,22","57,01","24,25M","1,97%"
"06.12.2021","56,96","56,70","57,17","56,47","23,17M","1,30%"
"03.12.2021","56,23","56,30","56,82","55,67","26,24M","0,14%"
"02.12.2021","56,15","55,15","56,61","55,08","22,38M","2,04%"
"01.12.2021","55,03","55,53","56,38","54,93","24,13M","0,35%"
"30.11.2021","54,84","55,58","55,60","54,15","45,14M","-1,65%"
"29.11.2021","55,76","55,14","56,19","54,83","25,72M","1,99%"
"26.11.2021","54,67","54,46","55,19","54,46","16,73M","-1,57%"
"24.11.2021","55,54","55,15","55,75","55,15","19,33M","0,43%"
"23.11.2021","55,30","54,61","55,58","54,47","25,65M","1,28%"
"22.11.2021","54,60","53,35","55,53","53,30","39,95M","2,54%"
"19.11.2021","53,25","53,54","53,69","52,78","30,03M","-0,71%"
"18.11.2021","53,63","52,73","53,93","51,08","70,84M","-5,51%"
"17.11.2021","56,76","56,61","57,14","56,27","31,50M","-0,42%"
"16.11.2021","57,00","57,24","58,08","56,92","21,14M","-0,47%"
"15.11.2021","57,27","56,93","57,70","56,83","19,04M","0,79%"
"12.11.2021","56,82","56,97","57,15","56,31","16,66M","0,11%"
"11.11.2021","56,76","57,57","57,77","56,69","17,44M","-1,75%"
"10.11.2021","57,77","57,90","58,63","57,69","17,87M","0,57%"
"09.11.2021","57,44","57,07","57,63","56,90","14,46M","0,77%"
"08.11.2021","57,00","57,10","57,52","56,59","15,05M","-0,12%"
"05.11.2021","57,07","57,38","57,80","56,93","15,64M","-0,09%"
"04.11.2021","57,12","57,60","57,69","56,56","18,07M","-0,92%"
"03.11.2021","57,65","57,58","57,93","57,12","13,22M","0,05%"
"02.11.2021","57,62","56,37","57,87","56,28","22,10M","2,71%"
"01.11.2021","56,10","55,87","56,25","55,50","14,34M","0,23%"
"29.10.2021","55,97","56,31","56,58","55,86","13,55M","-0,48%"
"28.10.2021","56,24","56,23","56,69","55,89","11,21M","0,11%"
"27.10.2021","56,18","56,13","56,72","55,92","16,28M","0,66%"
"26.10.2021","55,81","55,56","56,35","55,40","15,25M","1,22%"
"25.10.2021","55,14","55,11","55,42","54,81","10,22M","0,05%"
"22.10.2021","55,11","55,55","55,86","54,94","15,03M","-1,04%"
"21.10.2021","55,69","56,04","56,12","55,53","12,62M","-0,91%"
"20.10.2021","56,20","55,80","56,23","55,80","11,61M","0,83%"
"19.10.2021","55,74","55,29","55,78","55,03","13,26M","1,00%"
"18.10.2021","55,19","55,04","55,49","54,57","10,99M","-0,11%"
"15.10.2021","55,25","55,89","55,89","54,96","15,20M","-0,72%"
"14.10.2021","55,65","55,09","55,85","54,98","14,46M","1,89%"
"13.10.2021","54,62","54,32","54,75","54,08","13,74M","0,63%"
"12.10.2021","54,28","54,99","55,06","54,07","14,24M","-1,18%"
"11.10.2021","54,93","55,25","55,38","54,90","8,12M","-0,27%"
"08.10.2021","55,08","55,20","55,30","54,75","9,26M","0,11%"
"07.10.2021","55,02","54,49","55,41","54,35","14,73M","2,00%"
"06.10.2021","53,94","54,35","54,38","52,98","26,34M","-1,37%"
"05.10.2021","54,69","54,13","55,03","54,13","14,14M","0,85%"
"04.10.2021","54,23","54,50","54,68","53,95","17,08M","-1,65%"
"01.10.2021","55,14","54,60","55,41","54,04","18,34M","1,30%"
"30.09.2021","54,43","55,80","55,90","54,41","18,54M","-1,89%"
"29.09.2021","55,48","55,62","55,98","55,34","14,05M","-0,07%"
"28.09.2021","55,52","55,78","55,99","55,41","17,80M","-1,25%"
"27.09.2021","56,22","56,46","56,67","56,05","13,86M","-0,90%"
"24.09.2021","56,73","56,45","56,81","56,22","13,16M","0,07%"
"23.09.2021","56,69","55,70","56,90","55,60","16,26M","2,11%"
"22.09.2021","55,52","55,76","56,13","55,37","17,94M","0,47%"
"21.09.2021","55,26","55,96","56,37","55,23","18,70M","-1,13%"
"20.09.2021","55,89","56,38","56,40","55,29","21,90M","-1,69%"
"17.09.2021","56,85","57,39","57,45","56,47","40,26M","-0,84%"
"16.09.2021","57,33","58,31","58,82","57,13","24,03M","-0,40%"
"15.09.2021","57,56","57,78","59,60","57,06","37,52M","-0,54%"
"14.09.2021","57,87","58,24","58,47","57,66","12,81M","-0,40%"
"13.09.2021","58,10","58,16","58,53","57,72","13,55M","0,36%"
"10.09.2021","57,89","58,75","58,95","57,82","13,62M","-1,21%"
"09.09.2021","58,60","58,45","58,94","58,25","14,96M","-0,14%"
"08.09.2021","58,68","58,55","58,93","58,49","13,12M","-0,34%"
"07.09.2021","58,88","59,24","59,37","58,75","15,50M","-0,91%"
"03.09.2021","59,42","59,33","59,66","59,28","9,74M","-0,18%"
"02.09.2021","59,53","59,35","59,72","59,06","12,86M","0,83%"
"01.09.2021","59,04","59,02","59,14","58,66","11,63M","0,03%"
"31.08.2021","59,02","59,11","59,17","58,58","19,87M","-0,19%"
"30.08.2021","59,13","58,98","59,22","58,80","11,80M","0,19%"
"27.08.2021","59,02","59,26","59,35","58,86","14,80M","-0,30%"
"26.08.2021","59,20","59,42","59,63","58,99","13,73M","-0,25%"
"25.08.2021","59,35","59,54","60,27","59,17","18,07M","0,05%"
"24.08.2021","59,32","58,49","59,43","58,43","17,66M","1,33%"
"23.08.2021","58,54","57,85","58,70","57,74","16,23M","0,55%"
"20.08.2021","58,22","57,25","58,33","56,85","21,88M","1,66%"
"19.08.2021","57,27","54,76","57,49","54,59","39,88M","3,84%"
"18.08.2021","55,15","55,79","56,13","55,03","17,11M","-1,54%"
"17.08.2021","56,01","55,87","56,02","55,63","11,99M","-0,48%"
"16.08.2021","56,28","56,30","56,43","55,93","14,41M","-0,34%"
"13.08.2021","56,47","56,39","56,62","56,26","10,84M","0,14%"
"12.08.2021","56,39","55,85","56,45","55,66","11,21M","0,95%"
"11.08.2021","55,86","55,89","56,01","55,60","12,60M","0,45%"
"10.08.2021","55,61","55,50","55,67","55,25","10,44M","0,25%"
"09.08.2021","55,47","55,82","56,07","55,40","8,71M","-0,22%"
"06.08.2021","55,59","55,47","55,95","55,15","18,39M","-0,30%"
"05.08.2021","55,76","55,52","55,98","55,50","10,79M","0,13%"
"04.08.2021","55,69","56,37","56,37","55,47","11,66M","-1,00%"
"03.08.2021","56,25","55,53","56,42","55,27","17,36M","1,44%"
"02.08.2021","55,45","55,60","55,94","55,26","12,47M","0,14%"
"30.07.2021","55,37","55,08","55,49","55,01","13,44M","0,54%"
"29.07.2021","55,07","55,00","55,35","54,90","10,68M","0,55%"
"28.07.2021","54,77","55,46","55,52","54,41","18,84M","-0,92%"
"27.07.2021","55,28","55,38","55,41","54,79","14,74M","-0,34%"
"26.07.2021","55,47","55,13","55,65","55,13","10,10M","0,43%"
"23.07.2021","55,23","54,89","55,34","54,51","13,04M","1,27%"
"22.07.2021","54,54","53,90","54,55","53,78","15,73M","1,22%"
"21.07.2021","53,88","53,82","53,90","53,42","14,07M","0,56%"
"20.07.2021","53,58","53,28","53,93","53,19","17,25M","0,98%"
"19.07.2021","53,06","53,67","53,69","52,73","19,93M","-1,19%"
"16.07.2021","53,70","53,88","54,41","53,65","14,14M","0,09%"
"15.07.2021","53,65","53,84","53,87","53,24","14,95M","-0,81%"
"14.07.2021","54,09","53,50","54,20","53,34","17,11M","1,44%"
"13.07.2021","53,32","53,34","53,58","53,20","9,93M","0,17%"
"12.07.2021","53,23","54,04","54,04","53,13","14,00M","-0,95%"
"09.07.2021","53,74","53,36","53,93","53,29","14,67M","0,90%"
"08.07.2021","53,26","53,16","53,72","52,91","15,69M","0,00%"
"07.07.2021","53,26","53,07","53,30","52,67","14,41M","0,53%"
"06.07.2021","52,98","53,22","53,36","52,34","19,39M","-1,05%"
"02.07.2021","53,54","53,19","53,62","52,83","15,07M","0,19%"
"01.07.2021","53,44","53,05","53,60","53,00","15,07M","0,83%"
"30.06.2021","53,00","52,95","53,07","52,62","15,83M","0,17%"
"29.06.2021","52,91","52,89","53,19","52,77","10,93M","-0,09%"
"28.06.2021","52,96","53,16","53,29","52,92","14,01M","-0,19%"
"25.06.2021","53,06","52,77","53,19","52,65","16,68M","0,53%"
"24.06.2021","52,78","52,94","53,05","52,61","13,97M","0,04%"
"23.06.2021","52,76","53,27","53,29","52,59","14,75M","-0,94%"
"22.06.2021","53,26","53,30","53,36","52,81","16,45M","0,15%"
"21.06.2021","53,18","52,37","53,41","52,29","17,68M","2,13%"
"18.06.2021","52,07","52,81","52,84","51,88","35,76M","-2,00%"
"17.06.2021","53,13","53,41","53,54","53,01","18,29M","-0,64%"
"16.06.2021","53,47","53,85","53,92","53,13","15,48M","-0,59%"
"15.06.2021","53,79","54,23","54,32","53,73","12,54M","-0,70%"
"14.06.2021","54,17","54,39","54,53","53,53","15,13M","-1,10%"
"11.06.2021","54,77","55,19","55,35","54,54","17,13M","-0,47%"
"10.06.2021","55,03","54,43","55,08","54,27","22,18M","1,87%"
"09.06.2021","54,02","54,18","54,42","53,94","14,86M","-0,20%"
"08.06.2021","54,13","53,97","54,39","53,89","15,33M","0,39%"
"07.06.2021","53,92","54,32","54,44","53,79","14,90M","-0,28%"
"04.06.2021","54,07","53,44","54,17","53,44","11,68M","1,39%"
"03.06.2021","53,33","52,80","53,56","52,62","17,59M","0,70%"
"02.06.2021","52,96","52,65","52,99","52,40","14,53M","0,65%"
"01.06.2021","52,62","52,96","53,31","52,43","15,74M","-0,53%"
"28.05.2021","52,90","53,18","53,22","52,83","14,86M","-0,04%"
"27.05.2021","52,92","52,93","53,35","52,58","56,22M","0,02%"
"26.05.2021","52,91","53,35","53,61","52,82","18,67M","-0,75%"
"25.05.2021","53,31","53,37","53,58","53,14","20,66M","-0,15%"
"24.05.2021","53,39","52,96","53,76","52,79","21,13M","1,83%"
"21.05.2021","52,43","52,76","52,93","52,24","24,47M","-0,79%"
"20.05.2021","52,85","50,41","52,97","50,10","48,83M","0,72%"
"19.05.2021","52,47","51,88","52,66","51,86","29,19M","-0,87%"
"18.05.2021","52,93","52,80","53,34","52,74","20,18M","-0,02%"
"17.05.2021","52,94","52,76","53,15","52,68","15,73M","0,08%"
"14.05.2021","52,90","52,93","53,22","52,60","14,79M","0,78%"
"13.05.2021","52,49","52,11","52,81","51,88","15,87M","1,72%"
"12.05.2021","51,60","52,18","52,43","51,47","22,12M","-2,33%"
"11.05.2021","52,83","53,10","53,11","52,11","20,22M","-0,62%"
"10.05.2021","53,16","53,97","54,14","53,16","23,85M","-0,51%"
"07.05.2021","53,43","52,48","53,67","52,22","24,15M","1,89%"
"06.05.2021","52,44","51,07","52,71","50,95","27,11M","2,56%"
"05.05.2021","51,13","50,99","51,25","50,68","16,21M","0,83%"
"04.05.2021","50,71","51,11","51,23","50,29","18,16M","-0,90%"
"03.05.2021","51,17","51,21","51,40","50,81","13,47M","0,51%"
"30.04.2021","50,91","51,22","51,23","50,41","19,93M","-1,07%"
"29.04.2021","51,46","51,18","51,60","50,98","13,92M","0,68%"
"28.04.2021","51,11","51,56","51,77","50,92","14,98M","-0,51%"
"27.04.2021","51,37","51,58","51,67","51,35","13,60M","-0,52%"
"26.04.2021","51,64","51,65","51,77","51,50","13,78M","-0,52%"
"23.04.2021","51,91","51,50","52,13","51,18","14,02M","0,80%"
"22.04.2021","51,50","51,81","52,09","51,38","15,56M","-0,83%"
"21.04.2021","51,93","51,84","52,07","51,48","14,02M","0,27%"
"20.04.2021","51,79","52,59","52,79","51,60","21,26M","-2,01%"
"19.04.2021","52,85","52,53","52,96","52,49","20,25M","0,09%"
"16.04.2021","52,80","52,45","53,18","52,26","28,33M","2,25%"
"15.04.2021","51,64","51,76","51,94","51,37","17,87M","0,53%"
"14.04.2021","51,37","51,51","51,68","51,14","15,38M","-0,56%"
"13.04.2021","51,66","51,64","51,88","51,34","13,35M","0,17%"
"12.04.2021","51,57","52,07","52,16","51,47","16,44M","-1,00%"
"09.04.2021","52,09","51,83","52,15","51,67","13,14M","0,35%"
"08.04.2021","51,91","51,94","52,00","51,45","15,11M","0,27%"
"07.04.2021","51,77","52,01","52,14","51,58","15,78M","-0,49%"
"06.04.2021","52,03","51,98","52,22","51,78","15,13M","-0,73%"
"05.04.2021","52,41","51,63","52,92","51,63","19,86M","0,83%"
"01.04.2021","51,98","51,75","52,07","51,35","17,90M","0,52%"
"31.03.2021","51,71","51,83","52,05","51,54","22,21M","-0,12%"
"30.03.2021","51,77","52,11","52,29","51,17","22,47M","-1,43%"
"29.03.2021","52,52","52,40","52,94","52,28","25,03M","-0,10%"
"26.03.2021","52,57","50,60","52,64","50,56","32,00M","4,08%"
"25.03.2021","50,51","50,58","51,40","50,28","34,54M","1,73%"
"24.03.2021","49,65","49,94","50,45","49,62","26,44M","-0,72%"
"23.03.2021","50,01","50,02","50,68","49,90","28,33M","-0,58%"
"22.03.2021","50,30","48,94","50,38","48,94","28,81M","2,69%"
"19.03.2021","48,98","48,71","49,22","48,32","65,37M","0,37%"
"18.03.2021","48,80","48,52","49,57","48,51","18,42M","-1,25%"
"17.03.2021","49,42","49,61","49,61","48,89","18,33M","-0,50%"
"16.03.2021","49,67","49,19","49,74","49,19","17,28M","0,53%"
"15.03.2021","49,41","48,90","49,44","48,90","15,53M","1,21%"
"12.03.2021","48,82","48,81","48,99","48,47","15,20M","0,04%"
"11.03.2021","48,80","48,51","49,08","48,22","21,98M","1,06%"
"10.03.2021","48,29","48,47","48,79","48,19","19,84M","0,84%"
"09.03.2021","47,89","47,82","48,37","47,72","26,51M","0,80%"
"08.03.2021","47,51","46,24","48,40","46,20","34,82M","2,72%"
"05.03.2021","46,25","45,45","46,74","45,27","33,20M","3,79%"
"04.03.2021","44,56","45,13","45,47","44,15","24,65M","-1,26%"
"03.03.2021","45,13","45,43","45,53","45,00","16,85M","-0,85%"
"02.03.2021","45,51","45,93","46,08","45,42","14,83M","-0,88%"
"01.03.2021","45,92","45,22","46,22","45,22","17,40M","2,34%"
"26.02.2021","44,87","45,58","45,78","44,76","22,14M","-1,43%"
"25.02.2021","45,52","45,58","46,24","45,24","21,92M","-0,48%"
"24.02.2021","45,74","45,24","45,80","45,03","17,82M","0,51%"
"23.02.2021","45,51","45,26","45,78","45,10","19,71M","0,18%"
"22.02.2021","45,43","45,29","45,68","44,82","21,44M","-0,55%"
"19.02.2021","45,68","46,54","46,61","45,58","25,12M","-1,42%"
"18.02.2021","46,34","46,39","46,40","45,69","16,87M","0,19%"
"17.02.2021","46,25","46,31","46,40","45,87","13,30M","-0,56%"
"16.02.2021","46,51","47,26","47,26","46,40","18,54M","-1,65%"
"12.02.2021","47,29","47,42","47,69","46,91","15,24M","-0,61%"
"11.02.2021","47,58","47,35","47,91","47,20","18,59M","0,72%"
"10.02.2021","47,24","46,15","47,41","45,83","44,54M","-2,60%"
"09.02.2021","48,50","48,77","48,83","48,41","24,80M","-0,90%"
"08.02.2021","48,94","48,56","49,34","48,56","25,22M","1,79%"
"05.02.2021","48,08","47,57","48,34","47,50","25,49M","1,76%"
"04.02.2021","47,25","45,87","47,32","45,77","22,29M","3,23%"
"03.02.2021","45,77","45,75","46,16","45,54","13,17M","-0,13%"
"02.02.2021","45,83","45,52","45,94","45,43","16,52M","0,95%"
"01.02.2021","45,40","44,92","45,63","44,66","16,78M","1,84%"
"29.01.2021","44,58","44,85","45,37","44,48","22,61M","-1,68%"
"28.01.2021","45,34","45,91","46,27","45,30","21,17M","-0,79%"
"27.01.2021","45,70","45,24","46,46","45,08","29,63M","0,97%"
"26.01.2021","45,26","44,88","45,35","44,77","13,09M","0,51%"
"25.01.2021","45,03","45,04","45,17","44,71","16,58M","0,58%"
"22.01.2021","44,77","44,75","44,88","44,23","14,64M","-0,75%"
"21.01.2021","45,11","45,20","45,24","44,72","17,50M","-0,51%"
"20.01.2021","45,34","45,33","45,50","45,14","16,50M","0,33%"
"19.01.2021","45,19","45,33","45,63","44,77","28,87M","-0,53%"
"15.01.2021","45,43","44,96","45,65","44,88","30,27M","0,62%"
"14.01.2021","45,15","44,87","45,60","44,85","22,33M","-0,46%"
"13.01.2021","45,36","45,29","45,97","45,18","19,37M","-0,94%"
"12.01.2021","45,79","45,30","45,92","44,96","20,15M","0,95%"
"11.01.2021","45,36","45,15","45,95","45,02","25,06M","0,67%"
"08.01.2021","45,06","44,48","45,41","44,25","20,94M","0,22%"
"07.01.2021","44,96","44,20","45,10","44,17","18,22M","1,26%"
"06.01.2021","44,40","44,13","44,87","43,89","21,82M","0,95%"
"05.01.2021","43,98","43,68","44,07","43,38","17,76M","0,05%"
"04.01.2021","43,96","44,31","44,37","43,35","24,39M","-1,77%"
"31.12.2020","44,75","44,38","44,84","44,16","15,11M","0,61%"
"30.12.2020","44,48","44,74","45,06","44,44","11,04M","-0,36%"
"29.12.2020","44,64","44,97","45,24","44,53","11,83M","-0,62%"
"28.12.2020","44,92","44,93","45,34","44,72","13,46M","0,85%"
"24.12.2020","44,54","44,45","44,59","44,23","5,72M","0,37%"
"23.12.2020","44,38","44,65","44,80","44,35","12,03M","-0,70%"
"22.12.2020","44,69","44,44","45,07","44,44","16,03M","-0,42%"
"21.12.2020","44,88","44,47","44,96","44,06","19,87M","-1,23%"
"18.12.2020","45,44","44,90","45,57","44,77","41,03M","1,38%"
"17.12.2020","44,82","44,91","44,93","44,60","16,14M","0,22%"
"16.12.2020","44,72","44,69","45,14","44,53","16,19M","0,00%"
"15.12.2020","44,72","44,39","44,79","44,13","18,17M","1,08%"
"14.12.2020","44,24","44,27","44,91","44,15","16,11M","-0,18%"
"11.12.2020","44,32","43,94","44,33","43,72","14,58M","0,00%"
"10.12.2020","44,32","44,54","44,60","44,11","17,74M","-0,83%"
"09.12.2020","44,69","44,47","44,83","44,36","22,68M","0,72%"
"08.12.2020","44,37","44,21","44,53","43,93","13,35M","0,05%"
"07.12.2020","44,35","44,29","44,49","43,91","14,09M","-0,07%"
"04.12.2020","44,38","43,89","44,51","43,89","17,32M","0,61%"
"03.12.2020","44,11","43,78","44,14","43,60","27,71M","0,50%"
"02.12.2020","43,89","43,39","43,96","43,35","17,42M","0,80%"
"01.12.2020","43,54","43,01","44,07","43,01","23,95M","1,21%"
"30.11.2020","43,02","42,44","43,05","42,41","34,74M","0,75%"
"27.11.2020","42,70","42,85","42,98","42,64","10,77M","0,47%"
"25.11.2020","42,50","42,78","42,80","42,21","22,62M","-0,26%"
"24.11.2020","42,61","42,14","42,71","41,90","22,85M","2,33%"
"23.11.2020","41,64","41,03","41,80","41,02","19,66M","1,64%"
"20.11.2020","40,97","41,05","41,39","40,92","19,78M","-0,49%"
"19.11.2020","41,17","41,00","41,37","40,77","22,18M","-0,36%"
"18.11.2020","41,32","41,90","42,24","41,26","21,33M","-1,34%"
"17.11.2020","41,88","41,92","42,35","41,62","23,14M","-1,55%"
"16.11.2020","42,54","41,74","42,59","41,35","34,57M","2,75%"
"13.11.2020","41,40","41,20","41,52","40,56","49,12M","7,06%"
"12.11.2020","38,67","38,98","39,39","38,40","29,54M","-1,68%"
"11.11.2020","39,33","39,01","39,45","38,44","27,33M","1,58%"
"10.11.2020","38,72","38,21","39,03","38,17","31,51M","1,36%"
"09.11.2020","38,20","39,92","40,23","38,12","42,65M","1,79%"
"06.11.2020","37,53","37,56","37,60","37,08","19,48M","0,81%"
"05.11.2020","37,23","37,02","37,30","36,91","23,15M","1,80%"
"04.11.2020","36,57","37,03","37,30","36,50","30,12M","-0,30%"
"03.11.2020","36,68","36,36","37,33","36,30","27,34M","2,17%"
"02.11.2020","35,90","36,19","36,35","35,67","23,48M","0,00%"
"30.10.2020","35,90","35,60","35,93","35,49","29,16M","0,59%"
"29.10.2020","35,69","35,51","36,07","35,28","35,33M","-0,06%"
"28.10.2020","35,71","36,31","36,51","35,68","34,56M","-3,15%"
"27.10.2020","36,87","37,38","37,50","36,59","37,91M","-2,12%"
"26.10.2020","37,67","38,40","38,43","37,15","29,15M","-2,96%"
"23.10.2020","38,82","38,93","38,97","38,65","15,56M","0,00%"
"22.10.2020","38,82","38,85","38,96","38,38","20,40M","-0,61%"
"21.10.2020","39,06","39,31","39,57","38,98","17,02M","-0,36%"
"20.10.2020","39,20","39,44","39,51","39,03","16,56M","-0,25%"
"19.10.2020","39,30","40,15","40,38","39,16","19,60M","-2,14%"
"16.10.2020","40,16","39,88","40,30","39,55","21,30M","0,48%"
"15.10.2020","39,97","39,47","40,00","39,35","15,46M","0,20%"
"14.10.2020","39,89","39,85","40,42","39,76","16,44M","0,20%"
"13.10.2020","39,81","40,54","40,61","39,71","23,44M","-1,36%"
"12.10.2020","40,36","39,93","40,53","39,63","22,76M","1,28%"
"09.10.2020","39,85","40,15","40,23","39,72","16,17M","0,15%"
"08.10.2020","39,79","39,80","40,18","39,66","19,03M","0,99%"
"07.10.2020","39,40","38,98","39,58","38,78","20,59M","2,15%"
"06.10.2020","38,57","38,50","39,35","38,40","28,43M","0,00%"
"05.10.2020","38,57","38,48","38,79","38,28","26,93M","0,78%"
"02.10.2020","38,27","38,05","38,55","37,97","24,49M","-1,37%"
"01.10.2020","38,80","39,10","39,31","38,56","20,76M","-1,50%"
"30.09.2020","39,39","39,09","39,70","39,02","27,11M","0,84%"
"29.09.2020","39,06","39,07","39,38","38,83","16,48M","-0,18%"
"28.09.2020","39,13","39,19","39,29","38,79","24,28M","1,77%"
"25.09.2020","38,45","37,76","38,54","37,62","22,97M","1,59%"
"24.09.2020","37,85","38,00","38,16","37,60","30,91M","-1,12%"
"23.09.2020","38,28","39,23","39,39","38,18","24,84M","-2,64%"
"22.09.2020","39,32","39,18","39,46","38,88","17,66M","0,72%"
"21.09.2020","39,04","39,31","39,47","38,69","28,49M","-1,93%"
"18.09.2020","39,81","40,18","40,32","39,58","44,45M","-1,39%"
"17.09.2020","40,37","39,66","40,40","39,51","22,23M","-0,12%"
"16.09.2020","40,42","40,72","41,17","40,39","24,32M","-0,44%"
"15.09.2020","40,60","40,51","40,84","40,38","19,02M","0,57%"
"14.09.2020","40,37","40,22","40,64","40,05","19,87M","1,23%"
"11.09.2020","39,88","39,76","40,05","39,51","21,85M","0,78%"
"10.09.2020","39,57","40,03","40,63","39,42","25,11M","-1,40%"
"09.09.2020","40,13","40,10","40,47","39,72","23,35M","0,33%"
"08.09.2020","40,00","40,05","40,61","39,97","29,10M","-2,01%"
"04.09.2020","40,82","41,20","41,43","40,44","34,87M","-0,32%"
"03.09.2020","40,95","41,75","41,83","40,67","39,29M","-3,47%"
"02.09.2020","42,42","42,04","42,69","42,03","30,05M","0,93%"
"01.09.2020","42,03","42,00","42,07","41,50","23,34M","-0,45%"
"31.08.2020","42,22","42,10","42,35","41,94","21,30M","0,05%"
"28.08.2020","42,20","42,14","42,30","42,00","16,57M","-0,21%"
"27.08.2020","42,29","42,40","42,47","42,02","22,46M","0,09%"
"26.08.2020","42,25","41,65","42,28","41,45","21,63M","0,69%"
"25.08.2020","41,96","42,23","42,30","41,78","15,42M","-0,52%"
"24.08.2020","42,18","42,07","42,47","42,00","17,74M","-0,17%"
"21.08.2020","42,25","42,05","42,30","41,81","17,39M","-0,14%"
"20.08.2020","42,31","41,87","42,42","41,73","18,44M","1,05%"
"19.08.2020","41,87","42,10","42,35","41,78","20,10M","-0,26%"
"18.08.2020","41,98","42,13","42,29","41,81","23,34M","-0,26%"
"17.08.2020","42,09","42,55","42,76","41,86","30,51M","-0,96%"
"14.08.2020","42,50","42,49","42,88","42,27","32,54M","-0,51%"
"13.08.2020","42,72","43,79","43,84","42,38","91,85M","-11,19%"
"12.08.2020","48,10","47,28","48,13","47,27","27,02M","1,93%"
"11.08.2020","47,19","47,90","48,45","47,08","18,86M","-1,13%"
"10.08.2020","47,73","47,16","48,00","47,16","15,00M","0,63%"
"07.08.2020","47,43","47,33","47,60","47,03","17,05M","-0,71%"
"06.08.2020","47,77","47,23","47,83","47,10","14,19M","0,93%"
"05.08.2020","47,33","47,67","47,73","47,05","13,08M","-0,71%"
"04.08.2020","47,67","47,01","47,67","46,91","12,84M","1,08%"
"03.08.2020","47,16","47,14","47,35","46,68","14,14M","0,13%"
"31.07.2020","47,10","46,39","47,11","45,86","17,71M","1,42%"
"30.07.2020","46,44","46,13","46,46","45,38","15,39M","-0,58%"
"29.07.2020","46,71","46,40","46,88","46,37","11,62M","0,93%"
"28.07.2020","46,28","46,98","47,08","46,21","13,98M","-1,93%"
"27.07.2020","47,19","46,66","47,26","46,15","15,58M","1,70%"
"24.07.2020","46,40","47,49","47,64","46,11","16,98M","-2,13%"
"23.07.2020","47,41","46,97","47,70","46,68","23,75M","1,09%"
"22.07.2020","46,90","47,02","47,11","46,53","27,22M","-0,26%"
"21.07.2020","47,02","47,28","47,33","46,85","16,07M","0,11%"
"20.07.2020","46,97","46,67","47,10","46,26","15,97M","0,47%"
"17.07.2020","46,75","46,04","46,93","45,88","20,39M","2,12%"
"16.07.2020","45,78","45,70","45,83","45,20","17,71M","-1,34%"
"15.07.2020","46,40","46,50","46,83","45,99","15,70M","0,30%"
"14.07.2020","46,26","45,49","46,50","45,41","19,30M","0,72%"
"13.07.2020","45,93","46,87","46,99","45,78","17,97M","-1,56%"
"10.07.2020","46,66","46,73","46,92","46,24","13,78M","-0,09%"
"09.07.2020","46,70","46,60","47,19","46,22","26,03M","1,94%"
"08.07.2020","45,81","45,59","46,07","45,32","15,02M","0,39%"
"07.07.2020","45,63","46,12","46,29","45,56","17,10M","-1,70%"
"06.07.2020","46,42","46,07","46,49","45,87","16,15M","1,73%"
"02.07.2020","45,63","46,07","46,22","45,48","19,63M","-0,93%"
"01.07.2020","46,06","46,54","46,72","46,00","17,13M","-1,24%"
"30.06.2020","46,64","46,15","47,01","46,10","21,89M","1,06%"
"29.06.2020","46,15","46,34","46,45","45,67","23,88M","-0,35%"
"26.06.2020","46,31","45,12","46,51","44,63","106,93M","2,41%"
"25.06.2020","45,22","44,77","45,32","44,20","19,11M","1,05%"
"24.06.2020","44,75","45,29","45,47","44,39","22,84M","-1,58%"
"23.06.2020","45,47","45,92","46,15","45,32","23,22M","0,69%"
"22.06.2020","45,16","45,11","45,46","44,81","18,40M","-0,35%"
"19.06.2020","45,32","46,26","46,51","45,05","36,10M","-1,11%"
"18.06.2020","45,83","45,79","46,05","45,35","22,42M","-0,74%"
"17.06.2020","46,17","46,75","46,82","45,90","20,40M","-0,67%"
"16.06.2020","46,48","47,41","47,49","45,91","28,07M","2,49%"
"15.06.2020","45,35","44,12","45,76","43,93","21,30M","0,62%"
"12.06.2020","45,07","44,96","45,86","44,11","26,13M","3,21%"
"11.06.2020","43,67","46,99","47,00","43,64","35,58M","-7,91%"
"10.06.2020","47,42","47,66","47,83","47,12","18,46M","-1,31%"
"09.06.2020","48,05","48,02","48,24","47,49","18,60M","-0,17%"
"08.06.2020","48,13","47,46","48,16","47,12","17,82M","0,63%"
"05.06.2020","47,83","47,27","48,29","47,20","22,59M","2,07%"
"04.06.2020","46,86","46,77","47,25","46,53","14,10M","-0,17%"
"03.06.2020","46,94","46,98","47,20","46,54","17,49M","0,11%"
"02.06.2020","46,89","46,40","46,90","45,88","17,29M","1,27%"
"01.06.2020","46,30","47,15","47,28","46,23","18,73M","-3,18%"
"29.05.2020","47,82","46,04","47,82","45,41","43,57M","4,88%"
"28.05.2020","45,60","45,90","46,46","45,37","20,03M","-0,79%"
"27.05.2020","45,96","45,04","45,98","44,80","22,16M","2,50%"
"26.05.2020","44,84","45,78","45,80","44,68","21,78M","-0,13%"
"22.05.2020","44,90","44,67","44,95","44,12","12,59M","0,58%"
"21.05.2020","44,64","45,45","45,65","44,56","18,67M","-1,76%"
"20.05.2020","45,44","45,05","45,82","45,03","20,18M","1,87%"
"19.05.2020","44,60","44,83","44,98","44,41","24,35M","-1,01%"
"18.05.2020","45,06","45,21","45,29","44,33","26,98M","1,78%"
"15.05.2020","44,27","42,93","44,38","42,85","30,57M","0,96%"
"14.05.2020","43,85","43,43","44,58","43,26","50,42M","4,53%"
"13.05.2020","41,95","43,41","43,57","41,31","36,99M","-2,94%"
"12.05.2020","43,22","43,94","44,30","43,19","25,82M","-0,23%"
"11.05.2020","43,32","42,78","43,65","42,60","26,18M","0,77%"
"08.05.2020","42,99","42,02","43,02","41,70","21,96M","3,92%"
"07.05.2020","41,37","41,59","41,76","41,22","20,17M","0,53%"
"06.05.2020","41,15","41,56","41,69","40,97","16,04M","-0,75%"
"05.05.2020","41,46","41,61","41,92","41,39","15,06M","0,27%"
"04.05.2020","41,35","40,95","41,41","40,49","16,00M","1,05%"
"01.05.2020","40,92","41,72","41,81","40,76","22,10M","-3,45%"
"30.04.2020","42,38","43,17","43,17","42,17","26,68M","-2,22%"
"29.04.2020","43,34","43,35","43,48","42,93","17,43M","2,00%"
"28.04.2020","42,49","43,50","43,63","42,41","16,43M","-1,32%"
"27.04.2020","43,06","42,70","43,22","42,58","17,94M","1,27%"
"24.04.2020","42,52","41,84","42,66","41,65","14,64M","2,16%"
"23.04.2020","41,62","41,89","42,55","41,53","16,10M","-0,34%"
"22.04.2020","41,76","41,27","42,09","41,11","18,34M","2,98%"
"21.04.2020","40,55","41,83","41,99","40,41","31,66M","-4,68%"
"20.04.2020","42,54","41,92","43,29","41,79","23,44M","0,14%"
"17.04.2020","42,48","42,25","42,64","41,74","30,70M","2,36%"
"16.04.2020","41,50","41,76","41,79","40,68","26,18M","-0,05%"
"15.04.2020","41,52","42,20","42,37","41,23","18,43M","-2,95%"
"14.04.2020","42,78","41,91","42,82","41,53","22,88M","3,78%"
"13.04.2020","41,22","41,04","41,46","40,53","19,59M","0,05%"
"09.04.2020","41,20","42,09","42,20","40,85","27,65M","-1,29%"
"08.04.2020","41,74","41,17","42,20","40,87","22,68M","2,71%"
"07.04.2020","40,64","42,66","42,74","40,59","30,37M","-1,91%"
"06.04.2020","41,43","40,46","41,68","39,78","31,64M","6,07%"
"03.04.2020","39,06","39,82","40,29","38,54","21,24M","-1,86%"
"02.04.2020","39,80","37,84","39,94","37,47","28,18M","3,84%"
"01.04.2020","38,33","38,17","38,86","37,87","26,79M","-2,49%"
"31.03.2020","39,31","40,13","40,42","39,11","26,02M","-2,50%"
"30.03.2020","40,32","39,45","40,49","38,96","27,12M","3,86%"
"27.03.2020","38,82","39,13","40,14","38,42","31,28M","-4,34%"
"26.03.2020","40,58","38,02","40,88","37,39","38,49M","7,72%"
"25.03.2020","37,67","38,64","39,92","37,51","42,87M","-2,41%"
"24.03.2020","38,60","36,46","38,62","35,55","48,24M","11,56%"
"23.03.2020","34,60","35,51","35,82","33,74","39,82M","-2,81%"
"20.03.2020","35,60","38,27","38,47","35,40","48,58M","-5,60%"
"19.03.2020","37,71","36,98","39,30","36,15","58,32M","1,59%"
"18.03.2020","37,12","33,49","37,68","33,37","56,90M","4,56%"
"17.03.2020","35,50","34,70","36,25","33,60","41,57M","5,31%"
"16.03.2020","33,71","33,23","36,99","32,40","44,21M","-10,44%"
"13.03.2020","37,64","35,18","37,68","33,33","53,86M","13,37%"
"12.03.2020","33,20","34,50","35,82","33,00","51,86M","-10,39%"
"11.03.2020","37,05","39,02","39,16","36,37","63,61M","-7,56%"
"10.03.2020","40,08","39,25","40,15","37,87","50,54M","5,58%"
"09.03.2020","37,96","36,90","39,56","36,29","61,54M","-4,33%"
"06.03.2020","39,68","38,00","39,95","37,80","48,61M","0,28%"
"05.03.2020","39,57","40,17","40,51","39,29","30,26M","-4,40%"
"04.03.2020","41,39","40,72","41,45","39,80","30,02M","3,37%"
"03.03.2020","40,04","41,26","41,90","39,71","49,29M","-2,74%"
"02.03.2020","41,17","40,15","41,19","38,92","48,86M","3,11%"
"28.02.2020","39,93","38,70","40,55","38,35","80,19M","-0,27%"
"27.02.2020","40,04","41,28","42,09","40,01","51,44M","-5,03%"
"26.02.2020","42,16","42,97","43,38","41,94","38,53M","-1,36%"
"25.02.2020","42,74","44,05","44,21","42,07","48,02M","-2,86%"
"24.02.2020","44,00","45,00","45,68","44,00","35,30M","-4,97%"
"21.02.2020","46,30","46,73","46,85","46,05","20,03M","-1,17%"
"20.02.2020","46,85","46,09","46,96","45,90","20,42M","1,21%"
"19.02.2020","46,29","46,69","46,81","45,90","27,63M","-0,64%"
"18.02.2020","46,59","46,82","46,85","46,29","18,55M","-0,81%"
"14.02.2020","46,97","47,16","47,22","46,48","26,75M","-0,74%"
"13.02.2020","47,32","47,15","47,67","46,58","47,04M","-5,23%"
"12.02.2020","49,93","49,43","50,28","49,40","31,69M","1,63%"
"11.02.2020","49,13","49,39","49,71","48,86","23,17M","0,53%"
"10.02.2020","48,87","47,99","48,89","47,88","19,01M","1,88%"
"07.02.2020","47,97","48,60","48,77","47,87","16,81M","-1,48%"
"06.02.2020","48,69","48,69","48,82","48,22","9,81M","0,50%"
"05.02.2020","48,45","48,33","48,60","48,15","17,04M","1,74%"
"04.02.2020","47,62","47,22","47,71","47,11","13,95M","2,34%"
"03.02.2020","46,53","46,40","46,83","46,21","15,38M","1,22%"
"31.01.2020","45,97","46,99","47,00","45,84","20,07M","-2,69%"
"30.01.2020","47,24","46,54","47,27","46,26","14,82M","0,40%"
"29.01.2020","47,05","47,97","47,98","46,93","14,29M","-1,51%"
"28.01.2020","47,77","47,52","47,97","47,50","14,04M","0,63%"
"27.01.2020","47,47","47,89","48,07","47,27","20,67M","-2,82%"
"24.01.2020","48,85","49,22","49,48","48,54","14,07M","-0,31%"
"23.01.2020","49,00","49,00","49,17","48,41","16,77M","-0,12%"
"22.01.2020","49,06","49,28","49,53","49,04","15,19M","0,53%"
"21.01.2020","48,80","48,96","49,20","48,67","21,77M","-0,45%"
"17.01.2020","49,02","49,31","49,54","48,87","27,18M","-0,06%"
"16.01.2020","49,05","48,38","49,08","48,23","20,09M","2,17%"
"15.01.2020","48,01","47,92","48,40","47,76","16,29M","0,46%"
"14.01.2020","47,79","47,96","47,99","47,62","17,95M","-0,38%"
"13.01.2020","47,97","47,31","47,98","47,30","18,24M","1,78%"
"10.01.2020","47,13","47,48","47,56","47,06","13,50M","-0,40%"
"09.01.2020","47,32","47,79","47,88","47,07","18,21M","-0,42%"
"08.01.2020","47,52","46,97","47,78","46,81","25,18M","0,06%"
"07.01.2020","47,49","47,72","47,72","47,10","16,57M","-0,65%"
"06.01.2020","47,80","47,14","47,82","47,01","22,19M","0,36%"
"03.01.2020","47,63","47,91","48,13","47,48","15,59M","-1,63%"
"02.01.2020","48,42","48,06","48,42","47,88","16,71M","0,96%"
"31.12.2019","47,96","47,54","47,98","47,41","14,89M","0,78%"
"30.12.2019","47,59","47,75","47,88","47,29","12,13M","-0,38%"
"27.12.2019","47,77","47,99","48,05","47,68","11,06M","-0,17%"
"26.12.2019","47,85","47,78","48,00","47,65","11,12M","0,15%"
"24.12.2019","47,78","48,16","48,24","47,65","7,04M","-0,67%"
"23.12.2019","48,10","47,55","48,30","47,42","20,26M","1,37%"
"20.12.2019","47,45","48,25","48,37","47,42","52,58M","-0,90%"
"19.12.2019","47,88","47,15","47,99","47,11","30,77M","2,66%"
"18.12.2019","46,64","46,52","46,76","46,25","21,93M","0,43%"
"17.12.2019","46,44","46,22","46,52","45,93","22,51M","1,00%"
"16.12.2019","45,98","45,80","46,59","45,80","21,88M","1,50%"
"13.12.2019","45,30","45,91","46,05","45,20","21,80M","-0,81%"
"12.12.2019","45,67","44,55","45,77","44,41","27,07M","3,14%"
"11.12.2019","44,28","44,36","44,45","44,15","16,45M","0,41%"
"10.12.2019","44,10","43,85","44,18","43,80","21,86M","0,46%"
"09.12.2019","43,90","43,89","44,37","43,75","17,66M","0,14%"
"06.12.2019","43,84","43,89","44,06","43,65","16,54M","0,74%"
"05.12.2019","43,52","44,05","44,10","43,40","22,64M","-0,84%"
"04.12.2019","43,89","44,52","44,55","43,86","17,21M","-0,88%"
"03.12.2019","44,28","44,40","44,49","43,74","20,33M","-0,94%"
"02.12.2019","44,70","45,25","45,33","44,67","17,65M","-1,35%"
"29.11.2019","45,31","45,24","45,54","45,15","9,81M","0,15%"
"27.11.2019","45,24","45,36","45,41","44,93","14,90M","-0,15%"
"26.11.2019","45,31","45,53","45,77","45,25","29,42M","-0,31%"
"25.11.2019","45,45","45,00","45,55","44,93","19,65M","1,34%"
"22.11.2019","44,85","45,15","45,17","44,69","18,73M","0,02%"
"21.11.2019","44,84","45,13","45,15","44,69","19,87M","-0,53%"
"20.11.2019","45,08","45,69","45,74","44,93","18,67M","-0,86%"
"19.11.2019","45,47","45,39","45,59","45,08","19,62M","0,71%"
"18.11.2019","45,15","44,98","45,19","44,44","22,75M","0,13%"
"15.11.2019","45,09","45,07","45,65","44,81","32,39M","0,40%"
"14.11.2019","44,91","45,56","46,00","44,60","65,61M","-7,33%"
"13.11.2019","48,46","48,24","48,85","48,15","27,25M","0,19%"
"12.11.2019","48,37","48,29","48,74","48,12","15,64M","0,56%"
"11.11.2019","48,10","48,01","48,47","47,56","19,60M","-1,49%"
"08.11.2019","48,83","48,42","48,85","48,05","14,41M","0,85%"
"07.11.2019","48,42","48,61","48,98","48,20","16,72M","0,31%"
"06.11.2019","48,27","47,81","48,50","47,78","15,90M","1,07%"
"05.11.2019","47,76","47,59","47,92","47,26","18,99M","0,59%"
"04.11.2019","47,48","47,50","47,88","47,32","15,02M","0,96%"
"01.11.2019","47,03","46,85","47,48","46,64","24,40M","-1,01%"
"31.10.2019","47,51","47,60","47,65","47,10","12,49M","-0,11%"
"30.10.2019","47,56","47,30","47,58","47,16","12,06M","0,68%"
"29.10.2019","47,24","47,00","47,43","46,91","13,71M","0,15%"
"28.10.2019","47,17","47,15","47,60","47,06","13,86M","0,58%"
"25.10.2019","46,90","46,54","46,99","46,46","15,70M","1,06%"
"24.10.2019","46,41","47,23","47,23","46,10","18,46M","-1,36%"
"23.10.2019","47,05","47,47","47,70","46,84","15,68M","-1,05%"
"22.10.2019","47,55","47,50","47,88","47,40","15,20M","0,34%"
"21.10.2019","47,39","47,14","47,48","46,97","14,46M","1,46%"
"18.10.2019","46,71","47,10","47,27","46,66","17,23M","-0,68%"
"17.10.2019","47,03","47,15","47,30","46,60","14,39M","0,51%"
"16.10.2019","46,79","46,36","46,88","46,32","16,58M","0,93%"
"15.10.2019","46,36","46,25","46,58","46,03","18,81M","0,67%"
"14.10.2019","46,05","46,55","46,55","46,00","15,97M","-1,10%"
"11.10.2019","46,56","46,67","47,30","46,46","25,17M","0,89%"
"10.10.2019","46,15","46,05","46,23","45,55","25,02M","-1,47%"
"09.10.2019","46,84","46,92","47,17","46,66","16,82M","0,97%"
"08.10.2019","46,39","47,50","47,54","46,35","23,71M","-2,89%"
"07.10.2019","47,77","47,47","48,13","47,32","14,94M","0,53%"
"04.10.2019","47,52","47,25","47,63","46,95","16,78M","0,98%"
"03.10.2019","47,06","46,32","47,08","45,70","16,53M","1,07%"
"02.10.2019","46,56","47,35","47,38","46,01","32,06M","-2,47%"
"01.10.2019","47,74","49,65","49,87","47,36","24,27M","-3,38%"
"30.09.2019","49,41","48,95","49,66","48,95","15,11M","1,17%"
"27.09.2019","48,84","49,00","49,47","48,60","16,07M","0,02%"
"26.09.2019","48,83","49,43","49,49","48,26","20,26M","-1,55%"
"25.09.2019","49,60","49,05","49,77","48,58","15,69M","0,98%"
"24.09.2019","49,12","49,75","50,20","48,93","27,13M","-0,61%"
"23.09.2019","49,42","49,66","49,75","49,28","19,67M","-0,36%"
"20.09.2019","49,60","49,29","49,87","48,87","49,14M","0,83%"
"19.09.2019","49,19","49,35","49,92","49,04","15,43M","-0,30%"
"18.09.2019","49,34","49,47","49,74","48,78","12,67M","-0,14%"
"17.09.2019","49,41","49,98","50,02","49,18","16,13M","-1,10%"
"16.09.2019","49,96","49,80","50,18","49,79","13,03M","-0,14%"
"13.09.2019","50,03","50,01","50,22","49,76","15,87M","0,20%"
"12.09.2019","49,93","50,28","50,30","49,41","16,55M","-0,20%"
"11.09.2019","50,03","49,95","50,07","49,33","18,66M","1,67%"
"10.09.2019","49,21","48,57","49,34","47,95","16,12M","1,30%"
"09.09.2019","48,58","48,97","49,01","48,46","21,18M","-0,53%"
"06.09.2019","48,84","48,65","48,99","48,27","17,94M","0,87%"
"05.09.2019","48,42","48,02","48,71","47,78","18,44M","2,32%"
"04.09.2019","47,32","47,02","47,41","46,89","13,71M","1,76%"
"03.09.2019","46,50","46,63","46,97","46,20","17,01M","-0,66%"
"30.08.2019","46,81","47,52","47,57","46,55","19,25M","-0,97%"
"29.08.2019","47,27","47,59","47,91","47,11","14,73M","0,85%"
"28.08.2019","46,87","46,53","46,96","46,24","11,19M","0,17%"
"27.08.2019","46,79","47,54","47,65","46,69","20,86M","-0,66%"
"26.08.2019","47,10","47,05","47,27","46,67","14,82M","1,05%"
"23.08.2019","46,61","47,90","48,52","46,43","25,88M","-3,26%"
"22.08.2019","48,18","49,24","49,33","47,94","21,52M","-1,21%"
"21.08.2019","48,77","48,50","48,92","48,36","18,37M","1,75%"
"20.08.2019","47,93","48,54","48,59","47,92","18,20M","-1,18%"
"19.08.2019","48,50","47,90","48,60","47,49","26,41M","3,28%"
"16.08.2019","46,96","46,42","47,36","46,40","25,00M","1,54%"
"15.08.2019","46,25","47,36","47,94","46,00","61,39M","-8,61%"
"14.08.2019","50,61","52,12","52,12","50,13","30,21M","-4,00%"
"13.08.2019","52,72","51,47","53,07","51,20","21,68M","2,29%"
"12.08.2019","51,54","52,27","52,35","51,34","16,39M","-1,70%"
"09.08.2019","52,43","52,78","52,87","52,04","17,43M","-1,37%"
"08.08.2019","53,16","52,79","53,36","52,59","26,09M","1,57%"
"07.08.2019","52,34","51,83","52,49","51,21","24,13M","-0,49%"
"06.08.2019","52,60","51,95","52,73","51,60","20,71M","2,39%"
"05.08.2019","51,37","52,39","52,54","50,94","29,93M","-3,53%"
"02.08.2019","53,25","54,22","54,32","52,58","29,02M","-3,86%"
"01.08.2019","55,39","55,84","56,89","55,16","19,02M","-0,02%"
"31.07.2019","55,40","56,33","56,83","54,90","17,44M","-1,89%"
"30.07.2019","56,47","56,85","56,90","56,35","9,62M","-0,81%"
"29.07.2019","56,93","56,69","57,15","56,54","12,05M","0,71%"
"26.07.2019","56,53","56,68","56,84","56,37","15,24M","-0,16%"
"25.07.2019","56,62","57,36","57,50","56,37","15,13M","-1,07%"
"24.07.2019","57,23","57,58","57,68","57,11","18,18M","-0,83%"
"23.07.2019","57,71","58,06","58,09","57,48","12,69M","-0,03%"
"22.07.2019","57,73","57,46","58,01","57,37","10,49M","0,65%"
"19.07.2019","57,36","57,81","58,07","57,32","13,88M","-0,66%"
"18.07.2019","57,74","57,05","57,79","56,90","10,29M","0,93%"
"17.07.2019","57,21","57,57","57,79","57,19","9,27M","-0,71%"
"16.07.2019","57,62","58,13","58,26","57,46","11,50M","-0,74%"
"15.07.2019","58,05","58,00","58,23","57,87","8,81M","0,17%"
"12.07.2019","57,95","57,58","57,99","57,57","13,66M","1,13%"
"11.07.2019","57,30","57,37","57,62","56,92","15,99M","0,30%"
"10.07.2019","57,13","56,69","57,65","56,60","19,36M","1,40%"
"09.07.2019","56,34","56,37","56,69","56,04","19,56M","0,27%"
"08.07.2019","56,19","56,25","56,48","55,96","15,84M","-0,72%"
"05.07.2019","56,60","56,00","56,73","55,71","14,27M","0,21%"
"03.07.2019","56,48","55,77","56,54","55,54","13,87M","1,20%"
"02.07.2019","55,81","54,83","55,92","54,78","20,31M","1,95%"
"01.07.2019","54,74","55,26","55,35","54,23","28,48M","0,02%"
"28.06.2019","54,73","55,91","55,98","54,02","103,12M","-1,79%"
"27.06.2019","55,73","56,94","57,25","55,47","23,96M","-1,54%"
"26.06.2019","56,60","56,54","57,05","56,36","19,29M","0,93%"
"25.06.2019","56,08","57,06","57,20","56,01","25,52M","-1,92%"
"24.06.2019","57,18","57,25","57,29","56,69","17,79M","0,26%"
"21.06.2019","57,03","57,41","58,15","56,98","57,59M","-0,66%"
"20.06.2019","57,41","57,00","57,53","56,68","20,97M","2,28%"
"19.06.2019","56,13","56,04","56,37","55,77","21,10M","0,14%"
"18.06.2019","56,05","56,07","56,65","55,75","21,17M","1,17%"
"17.06.2019","55,40","54,99","55,47","54,86","20,39M","1,19%"
"14.06.2019","54,75","55,99","56,02","54,66","22,53M","-2,53%"
"13.06.2019","56,17","55,92","56,27","55,78","15,79M","0,55%"
"12.06.2019","55,86","56,05","56,59","55,65","23,18M","-2,19%"
"11.06.2019","57,11","56,74","57,56","56,73","26,72M","1,22%"
"10.06.2019","56,42","56,14","56,65","55,96","16,87M","0,88%"
"07.06.2019","55,93","55,41","56,30","55,03","17,39M","1,51%"
"06.06.2019","55,10","54,89","55,30","54,21","15,93M","0,64%"
"05.06.2019","54,75","53,85","54,79","53,75","22,52M","2,86%"
"04.06.2019","53,23","52,48","53,63","52,41","21,69M","2,80%"
"03.06.2019","51,78","52,05","52,56","51,48","22,38M","-0,48%"
"31.05.2019","52,03","52,79","52,88","52,01","20,48M","-2,87%"
"30.05.2019","53,57","53,44","53,78","53,34","12,95M","0,73%"
"29.05.2019","53,18","53,55","53,55","52,85","19,76M","-1,39%"
"28.05.2019","53,93","54,74","55,03","53,82","29,77M","-0,81%"
"24.05.2019","54,37","54,57","54,67","54,06","13,06M","0,33%"
"23.05.2019","54,19","54,91","55,01","53,94","22,73M","-2,69%"
"22.05.2019","55,69","56,22","56,30","55,67","19,48M","-1,47%"
"21.05.2019","56,52","56,68","56,75","56,13","18,56M","0,91%"
"20.05.2019","56,01","55,80","56,39","55,55","21,00M","-0,60%"
"17.05.2019","56,35","55,78","56,83","55,52","27,30M","0,75%"
"16.05.2019","55,93","54,27","56,40","54,12","46,06M","6,66%"
"15.05.2019","52,44","51,76","52,71","51,69","30,58M","0,81%"
"14.05.2019","52,02","51,45","52,44","51,38","25,48M","1,40%"
"13.05.2019","51,30","51,83","52,26","51,06","28,87M","-3,86%"
"10.05.2019","53,36","52,61","53,55","51,95","21,80M","0,83%"
"09.05.2019","52,92","52,82","53,21","52,23","24,32M","-1,03%"
"08.05.2019","53,47","53,17","53,94","53,13","21,53M","0,04%"
"07.05.2019","53,45","53,86","54,24","52,94","25,29M","-2,09%"
"06.05.2019","54,59","53,86","54,76","53,56","17,03M","-0,64%"
"03.05.2019","54,94","54,64","54,99","54,18","26,89M","0,00%"
"02.05.2019","54,94","55,48","55,89","54,82","24,22M","-1,15%"
"01.05.2019","55,58","56,00","56,35","55,51","17,65M","-0,66%"
"30.04.2019","55,95","56,00","56,12","55,53","20,85M","-0,32%"
"29.04.2019","56,13","55,66","56,22","55,55","16,26M","0,45%"
"26.04.2019","55,88","56,02","56,37","55,68","18,01M","-0,80%"
"25.04.2019","56,33","56,46","56,78","56,01","15,53M","-0,97%"
"24.04.2019","56,88","56,64","57,15","56,58","13,21M","0,34%"
"23.04.2019","56,69","56,43","56,70","56,20","18,80M","0,62%"
"22.04.2019","56,34","56,16","56,60","56,10","11,95M","-0,11%"
"18.04.2019","56,40","56,63","56,70","56,11","18,33M","0,16%"
"17.04.2019","56,31","57,18","57,32","56,28","26,09M","-1,12%"
"16.04.2019","56,95","56,62","57,52","56,61","19,72M","0,69%"
"15.04.2019","56,56","56,40","56,61","56,23","12,20M","0,48%"
"12.04.2019","56,29","55,93","56,35","55,79","14,33M","1,24%"
"11.04.2019","55,60","55,93","55,95","55,30","13,19M","-0,39%"
"10.04.2019","55,82","55,11","55,84","55,11","13,46M","1,16%"
"09.04.2019","55,18","55,08","55,42","54,86","15,51M","-0,56%"
"08.04.2019","55,49","55,20","55,56","54,79","13,86M","0,51%"
"05.04.2019","55,21","55,25","55,61","55,13","13,82M","0,13%"
"04.04.2019","55,14","55,37","55,68","54,86","16,41M","-0,88%"
"03.04.2019","55,63","55,46","55,80","55,07","21,11M","0,61%"
"02.04.2019","55,29","55,00","55,41","54,97","17,26M","0,56%"
"01.04.2019","54,98","54,48","55,02","54,39","19,74M","1,83%"
"29.03.2019","53,99","53,70","54,00","53,36","19,58M","1,18%"
"28.03.2019","53,36","53,19","53,69","53,02","13,09M","0,41%"
"27.03.2019","53,14","53,30","53,66","52,74","20,45M","-0,17%"
"26.03.2019","53,23","53,19","53,48","53,00","17,74M","0,95%"
"25.03.2019","52,73","52,70","52,93","52,24","18,77M","-0,02%"
"22.03.2019","52,74","53,91","54,14","52,70","23,94M","-2,22%"
"21.03.2019","53,94","53,08","54,23","53,04","20,08M","1,28%"
"20.03.2019","53,26","53,16","53,87","52,85","21,14M","-0,09%"
"19.03.2019","53,31","53,79","54,00","53,14","20,60M","-0,37%"
"18.03.2019","53,51","53,27","53,94","53,09","19,07M","0,58%"
"15.03.2019","53,20","52,94","53,62","52,93","43,64M","0,87%"
"14.03.2019","52,74","52,63","52,96","52,51","19,22M","0,29%"
"13.03.2019","52,59","52,41","52,85","52,14","20,57M","0,84%"
"12.03.2019","52,15","52,01","52,27","51,68","19,49M","0,44%"
"11.03.2019","51,92","51,14","52,09","51,10","17,86M","1,66%"
"08.03.2019","51,07","50,72","51,13","50,51","18,18M","-0,43%"
"07.03.2019","51,29","51,55","51,97","51,20","22,21M","-0,74%"
"06.03.2019","51,67","51,37","51,79","50,92","19,69M","0,72%"
"05.03.2019","51,30","51,12","51,51","50,97","14,99M","0,27%"
"04.03.2019","51,16","51,65","51,92","50,63","18,73M","-0,49%"
"01.03.2019","51,41","52,00","52,09","51,27","23,68M","-0,70%"
"28.02.2019","51,77","51,55","51,96","51,35","30,71M","0,35%"
"27.02.2019","51,59","51,21","51,65","50,89","19,94M","0,80%"
"26.02.2019","51,18","50,51","51,41","50,48","19,38M","0,77%"
"25.02.2019","50,79","50,34","51,00","50,34","24,26M","1,36%"
"22.02.2019","50,11","49,70","50,22","49,58","22,01M","1,42%"
"21.02.2019","49,41","49,54","49,72","49,20","17,12M","-0,44%"
"20.02.2019","49,63","49,70","49,80","49,35","17,55M","-0,04%"
"19.02.2019","49,65","49,20","49,93","49,20","20,20M","0,45%"
"15.02.2019","49,43","48,83","49,59","48,44","30,19M","2,13%"
"14.02.2019","48,40","48,85","49,68","48,34","47,60M","1,89%"
"13.02.2019","47,50","47,86","47,95","47,12","28,33M","-0,81%"
"12.02.2019","47,89","47,27","48,15","47,16","23,91M","0,65%"
"11.02.2019","47,58","47,34","47,71","47,13","19,36M","0,83%"
"08.02.2019","47,19","46,40","47,20","46,30","18,41M","1,05%"
"07.02.2019","46,70","47,19","47,32","46,49","20,33M","-1,64%"
"06.02.2019","47,48","47,12","47,59","46,95","18,16M","0,47%"
"05.02.2019","47,26","47,42","47,45","47,08","16,95M","-0,19%"
"04.02.2019","47,35","47,22","47,47","47,12","15,74M","0,02%"
"01.02.2019","47,34","47,37","47,56","47,05","16,27M","0,11%"
"31.01.2019","47,29","46,72","47,38","46,52","23,69M","1,24%"
"30.01.2019","46,71","45,94","46,93","45,92","18,33M","1,63%"
"29.01.2019","45,96","45,81","46,05","45,65","14,47M","0,46%"
"28.01.2019","45,75","45,73","45,77","45,23","18,30M","-0,82%"
"25.01.2019","46,13","46,12","46,66","45,95","24,20M","1,14%"
"24.01.2019","45,61","45,63","45,75","45,23","17,36M","0,33%"
"23.01.2019","45,46","45,14","45,88","45,02","24,77M","1,52%"
"22.01.2019","44,78","44,88","45,24","44,38","21,34M","-0,56%"
"18.01.2019","45,03","44,48","45,35","44,31","24,42M","1,85%"
"17.01.2019","44,21","43,87","44,53","43,80","18,83M","0,57%"
"16.01.2019","43,96","44,12","44,24","43,76","17,26M","-0,14%"
"15.01.2019","44,02","43,33","44,04","43,15","17,74M","1,87%"
"14.01.2019","43,21","43,08","43,39","43,00","16,24M","-0,64%"
"11.01.2019","43,49","43,11","43,54","42,88","17,38M","0,58%"
"10.01.2019","43,24","43,11","43,29","42,58","23,28M","-0,18%"
"09.01.2019","43,32","43,87","43,87","43,17","22,64M","-0,55%"
"08.01.2019","43,56","43,57","43,94","43,10","22,07M","0,81%"
"07.01.2019","43,21","42,86","43,65","42,76","19,49M","0,68%"
"04.01.2019","42,92","41,85","43,00","41,53","27,51M","4,50%"
"03.01.2019","41,07","42,30","42,41","40,96","29,61M","-4,38%"
"02.01.2019","42,95","42,28","43,20","42,21","23,83M","-0,88%"
"31.12.2018","43,33","43,19","43,55","42,89","20,58M","1,31%"
"28.12.2018","42,77","43,17","43,52","42,46","22,45M","-0,33%"
"27.12.2018","42,91","41,89","42,93","41,15","28,40M","1,04%"
"26.12.2018","42,47","40,68","42,50","40,40","33,34M","5,44%"
"24.12.2018","40,28","41,70","41,81","40,25","24,07M","-3,75%"
"21.12.2018","41,85","42,91","43,46","41,74","77,92M","-1,51%"
"20.12.2018","42,49","42,99","43,23","41,87","38,81M","-1,51%"
"19.12.2018","43,14","43,89","44,92","42,57","34,82M","-2,09%"
"18.12.2018","44,06","44,55","44,61","43,73","30,51M","-0,32%"
"17.12.2018","44,20","45,82","45,99","43,91","36,61M","-3,54%"
"14.12.2018","45,82","46,37","46,62","45,64","27,36M","-3,48%"
"13.12.2018","47,47","47,68","47,97","47,13","20,05M","0,11%"
"12.12.2018","47,42","47,92","48,20","47,36","23,16M","0,70%"
"11.12.2018","47,09","47,86","47,90","46,71","26,05M","0,49%"
"10.12.2018","46,86","46,30","47,13","45,81","28,68M","0,90%"